{
  "precision": 0.7380272225698289,
  "recall": 0.7210019138444344,
  "map50": 0.7579263796138647,
  "map50_95": 0.39771055366772784,
  "fitness": 0.39771055366772784,
  "per_class_map50_95": {
    "drill": 0.39771055366772784,
    "Broken": 0.6219760535472634,
    "Chipped": 0.3195285698639806,
    "Scratched": 0.3248396561007081,
    "Severe_Rust": 0.31664857441700556,
    "Tip_Wear": 0.40555991440968153
  },
  "save_dir": "/kaggle/working/runs/detect/val-3",
  "speed": {
    "preprocess": 0.8811890686225418,
    "inference": 3.8126370024956495,
    "loss": 0.0016177960051453053,
    "postprocess": 1.2683659057989294
  }
}