{
  "precision": 0.7687716588534572,
  "recall": 0.6549297947710302,
  "map50": 0.7301281486637617,
  "map50_95": 0.38065103082176255,
  "fitness": 0.38065103082176255,
  "per_class_map50_95": {
    "drill": 0.38065103082176255,
    "Broken": 0.6180370646284237,
    "Chipped": 0.33427490599560195,
    "Scratched": 0.2721982955699902,
    "Severe_Rust": 0.2890682023841587,
    "Tip_Wear": 0.3896766855306383
  },
  "save_dir": "/kaggle/working/runs/detect/val-4",
  "speed": {
    "preprocess": 0.9151946049963215,
    "inference": 3.7686567087082428,
    "loss": 0.0006455345739290835,
    "postprocess": 0.9948245326456499
  }
}