{
  "epoch": 34,
  "train": {
    "epoch": 34,
    "lr": 0.004555,
    "lambda_saliency": 0.006,
    "train_detection_loss": 4.25427,
    "train_saliency_loss": 0.9875122951033903,
    "train_total_loss": 4.26019507377062,
    "train_energy_in_box": 0.012487706163497498,
    "train_pointing_game": 0.054354732408384586,
    "train_saliency_iou": 0.016041252281075523,
    "val_precision": 0.74535,
    "val_recall": 0.66031,
    "val_map50": 0.73581,
    "val_map50_95": 0.37947,
    "val_fitness": 0.37947,
    "epoch_seconds": 114.13812851905823
  },
  "val": {
    "metrics/precision(B)": 0.74535,
    "metrics/recall(B)": 0.66031,
    "metrics/mAP50(B)": 0.73581,
    "metrics/mAP50-95(B)": 0.37947,
    "val/box_loss": 1.6829,
    "val/cls_loss": 1.31444,
    "val/dfl_loss": 1.57026,
    "val/sal_loss": 0.0
  },
  "lr": {
    "lr/pg0": 0.004555,
    "lr/pg1": 0.004555,
    "lr/pg2": 0.004555
  }
}