{
  "epoch": 11,
  "train": {
    "epoch": 11,
    "lr": 0.008350000000000002,
    "lambda_saliency": 0.002,
    "train_detection_loss": 5.3870000000000005,
    "train_saliency_loss": 0.9887762624778663,
    "train_total_loss": 5.388977552524956,
    "train_energy_in_box": 0.01122373629344871,
    "train_pointing_game": 0.03518569903586193,
    "train_saliency_iou": 0.012552710516407193,
    "val_precision": 0.581,
    "val_recall": 0.54309,
    "val_map50": 0.56423,
    "val_map50_95": 0.27534,
    "val_fitness": 0.27534,
    "epoch_seconds": 113.38143634796143
  },
  "val": {
    "metrics/precision(B)": 0.581,
    "metrics/recall(B)": 0.54309,
    "metrics/mAP50(B)": 0.56423,
    "metrics/mAP50-95(B)": 0.27534,
    "val/box_loss": 1.74747,
    "val/cls_loss": 1.81497,
    "val/dfl_loss": 1.70539,
    "val/sal_loss": 0.0
  },
  "lr": {
    "lr/pg0": 0.008350000000000002,
    "lr/pg1": 0.008350000000000002,
    "lr/pg2": 0.008350000000000002
  }
}