{
  "epoch": 57,
  "train": {
    "epoch": 57,
    "lr": 0.0007599999999999998,
    "lambda_saliency": 0.006,
    "train_detection_loss": 3.19603,
    "train_saliency_loss": 0.9875457041015118,
    "train_total_loss": 3.201955274224609,
    "train_energy_in_box": 0.012454297183961205,
    "train_pointing_game": 0.08804722249656585,
    "train_saliency_iou": 0.019076583672628766,
    "val_precision": 0.74526,
    "val_recall": 0.69404,
    "val_map50": 0.74776,
    "val_map50_95": 0.38516,
    "val_fitness": 0.38516,
    "epoch_seconds": 108.93899989128113
  },
  "val": {
    "metrics/precision(B)": 0.74526,
    "metrics/recall(B)": 0.69404,
    "metrics/mAP50(B)": 0.74776,
    "metrics/mAP50-95(B)": 0.38516,
    "val/box_loss": 1.74124,
    "val/cls_loss": 1.24901,
    "val/dfl_loss": 1.63561,
    "val/sal_loss": 0.0
  },
  "lr": {
    "lr/pg0": 0.0007599999999999998,
    "lr/pg1": 0.0007599999999999998,
    "lr/pg2": 0.0007599999999999998
  }
}