{
  "epoch": 35,
  "train": {
    "epoch": 35,
    "lr": 0.00439,
    "lambda_saliency": 0.006,
    "train_detection_loss": 4.22317,
    "train_saliency_loss": 0.9877564309705916,
    "train_total_loss": 4.229096538585823,
    "train_energy_in_box": 0.01224357112953047,
    "train_pointing_game": 0.053639056461973825,
    "train_saliency_iou": 0.01610930030339474,
    "val_precision": 0.6959,
    "val_recall": 0.65948,
    "val_map50": 0.70687,
    "val_map50_95": 0.37208,
    "val_fitness": 0.37208,
    "epoch_seconds": 113.93338298797607
  },
  "val": {
    "metrics/precision(B)": 0.6959,
    "metrics/recall(B)": 0.65948,
    "metrics/mAP50(B)": 0.70687,
    "metrics/mAP50-95(B)": 0.37208,
    "val/box_loss": 1.71685,
    "val/cls_loss": 1.37623,
    "val/dfl_loss": 1.59021,
    "val/sal_loss": 0.0
  },
  "lr": {
    "lr/pg0": 0.00439,
    "lr/pg1": 0.00439,
    "lr/pg2": 0.00439
  }
}