{
  "epoch": 40,
  "train": {
    "epoch": 40,
    "lr": 0.003565,
    "lambda_saliency": 0.006,
    "train_detection_loss": 4.0489999999999995,
    "train_saliency_loss": 0.9874290329654042,
    "train_total_loss": 4.054924574197792,
    "train_energy_in_box": 0.012570966477041234,
    "train_pointing_game": 0.05277251863300784,
    "train_saliency_iou": 0.016559773936822283,
    "val_precision": 0.74898,
    "val_recall": 0.65329,
    "val_map50": 0.72965,
    "val_map50_95": 0.38326,
    "val_fitness": 0.38326,
    "epoch_seconds": 112.46848964691162
  },
  "val": {
    "metrics/precision(B)": 0.74898,
    "metrics/recall(B)": 0.65329,
    "metrics/mAP50(B)": 0.72965,
    "metrics/mAP50-95(B)": 0.38326,
    "val/box_loss": 1.71596,
    "val/cls_loss": 1.32024,
    "val/dfl_loss": 1.59905,
    "val/sal_loss": 0.0
  },
  "lr": {
    "lr/pg0": 0.003565,
    "lr/pg1": 0.003565,
    "lr/pg2": 0.003565
  }
}