{
  "epoch": 51,
  "train": {
    "epoch": 51,
    "lr": 0.0017499999999999996,
    "lambda_saliency": 0.006,
    "train_detection_loss": 3.55579,
    "train_saliency_loss": 0.9878155178082756,
    "train_total_loss": 3.5617168931068495,
    "train_energy_in_box": 0.012184483650658783,
    "train_pointing_game": 0.08696686983285466,
    "train_saliency_iou": 0.019638442376550047,
    "val_precision": 0.74501,
    "val_recall": 0.71411,
    "val_map50": 0.75376,
    "val_map50_95": 0.39486,
    "val_fitness": 0.39486,
    "epoch_seconds": 110.61358761787415
  },
  "val": {
    "metrics/precision(B)": 0.74501,
    "metrics/recall(B)": 0.71411,
    "metrics/mAP50(B)": 0.75376,
    "metrics/mAP50-95(B)": 0.39486,
    "val/box_loss": 1.69761,
    "val/cls_loss": 1.2329,
    "val/dfl_loss": 1.58933,
    "val/sal_loss": 0.0
  },
  "lr": {
    "lr/pg0": 0.0017499999999999996,
    "lr/pg1": 0.0017499999999999996,
    "lr/pg2": 0.0017499999999999996
  }
}