{
  "epoch": 55,
  "train": {
    "epoch": 55,
    "lr": 0.0010899999999999998,
    "lambda_saliency": 0.006,
    "train_detection_loss": 3.28638,
    "train_saliency_loss": 0.9879045167942004,
    "train_total_loss": 3.292307427100765,
    "train_energy_in_box": 0.01209548531108414,
    "train_pointing_game": 0.07181501302385365,
    "train_saliency_iou": 0.016782310736590703,
    "val_precision": 0.76068,
    "val_recall": 0.69993,
    "val_map50": 0.74493,
    "val_map50_95": 0.38885,
    "val_fitness": 0.38885,
    "epoch_seconds": 108.883953332901
  },
  "val": {
    "metrics/precision(B)": 0.76068,
    "metrics/recall(B)": 0.69993,
    "metrics/mAP50(B)": 0.74493,
    "metrics/mAP50-95(B)": 0.38885,
    "val/box_loss": 1.72833,
    "val/cls_loss": 1.23695,
    "val/dfl_loss": 1.61994,
    "val/sal_loss": 0.0
  },
  "lr": {
    "lr/pg0": 0.0010899999999999998,
    "lr/pg1": 0.0010899999999999998,
    "lr/pg2": 0.0010899999999999998
  }
}