{
  "epoch": 37,
  "train": {
    "epoch": 37,
    "lr": 0.00406,
    "lambda_saliency": 0.006,
    "train_detection_loss": 4.15996,
    "train_saliency_loss": 0.9879460234335415,
    "train_total_loss": 4.165887676140601,
    "train_energy_in_box": 0.012053976518963103,
    "train_pointing_game": 0.04562831874280047,
    "train_saliency_iou": 0.014458920647123799,
    "val_precision": 0.7222,
    "val_recall": 0.67475,
    "val_map50": 0.73356,
    "val_map50_95": 0.38194,
    "val_fitness": 0.38194,
    "epoch_seconds": 112.9071912765503
  },
  "val": {
    "metrics/precision(B)": 0.7222,
    "metrics/recall(B)": 0.67475,
    "metrics/mAP50(B)": 0.73356,
    "metrics/mAP50-95(B)": 0.38194,
    "val/box_loss": 1.68339,
    "val/cls_loss": 1.31657,
    "val/dfl_loss": 1.56886,
    "val/sal_loss": 0.0
  },
  "lr": {
    "lr/pg0": 0.00406,
    "lr/pg1": 0.00406,
    "lr/pg2": 0.00406
  }
}