{
  "epoch": 31,
  "train": {
    "epoch": 31,
    "lr": 0.00505,
    "lambda_saliency": 0.006,
    "train_detection_loss": 4.39015,
    "train_saliency_loss": 0.9877191803143452,
    "train_total_loss": 4.396076315081887,
    "train_energy_in_box": 0.01228082069441544,
    "train_pointing_game": 0.051002457789370625,
    "train_saliency_iou": 0.014847459082601142,
    "val_precision": 0.72494,
    "val_recall": 0.66096,
    "val_map50": 0.71773,
    "val_map50_95": 0.36365,
    "val_fitness": 0.36365,
    "epoch_seconds": 113.41658639907837
  },
  "val": {
    "metrics/precision(B)": 0.72494,
    "metrics/recall(B)": 0.66096,
    "metrics/mAP50(B)": 0.71773,
    "metrics/mAP50-95(B)": 0.36365,
    "val/box_loss": 1.71657,
    "val/cls_loss": 1.39022,
    "val/dfl_loss": 1.59475,
    "val/sal_loss": 0.0
  },
  "lr": {
    "lr/pg0": 0.00505,
    "lr/pg1": 0.00505,
    "lr/pg2": 0.00505
  }
}