{
  "epoch": 33,
  "train": {
    "epoch": 33,
    "lr": 0.00472,
    "lambda_saliency": 0.006,
    "train_detection_loss": 4.28466,
    "train_saliency_loss": 0.9875359404377821,
    "train_total_loss": 4.2905852156426265,
    "train_energy_in_box": 0.012464056443010029,
    "train_pointing_game": 0.06073542699297687,
    "train_saliency_iou": 0.016898481041077367,
    "val_precision": 0.72827,
    "val_recall": 0.67746,
    "val_map50": 0.71259,
    "val_map50_95": 0.37468,
    "val_fitness": 0.37468,
    "epoch_seconds": 113.56345415115356
  },
  "val": {
    "metrics/precision(B)": 0.72827,
    "metrics/recall(B)": 0.67746,
    "metrics/mAP50(B)": 0.71259,
    "metrics/mAP50-95(B)": 0.37468,
    "val/box_loss": 1.69705,
    "val/cls_loss": 1.36961,
    "val/dfl_loss": 1.58462,
    "val/sal_loss": 0.0
  },
  "lr": {
    "lr/pg0": 0.00472,
    "lr/pg1": 0.00472,
    "lr/pg2": 0.00472
  }
}