{
  "epoch": 53,
  "train": {
    "epoch": 53,
    "lr": 0.0014199999999999998,
    "lambda_saliency": 0.006,
    "train_detection_loss": 3.36698,
    "train_saliency_loss": 0.9877584402154131,
    "train_total_loss": 3.3729065506412925,
    "train_energy_in_box": 0.01224156062608118,
    "train_pointing_game": 0.07817755904914181,
    "train_saliency_iou": 0.01863930025499339,
    "val_precision": 0.73601,
    "val_recall": 0.71585,
    "val_map50": 0.74573,
    "val_map50_95": 0.38962,
    "val_fitness": 0.38962,
    "epoch_seconds": 109.01829218864441
  },
  "val": {
    "metrics/precision(B)": 0.73601,
    "metrics/recall(B)": 0.71585,
    "metrics/mAP50(B)": 0.74573,
    "metrics/mAP50-95(B)": 0.38962,
    "val/box_loss": 1.7055,
    "val/cls_loss": 1.22274,
    "val/dfl_loss": 1.60276,
    "val/sal_loss": 0.0
  },
  "lr": {
    "lr/pg0": 0.0014199999999999998,
    "lr/pg1": 0.0014199999999999998,
    "lr/pg2": 0.0014199999999999998
  }
}