{
  "epoch": 4,
  "train": {
    "epoch": 4,
    "lr": 0.009505,
    "lambda_saliency": 0.0006000000000000001,
    "train_detection_loss": 6.4954,
    "train_saliency_loss": 0.9875598302701625,
    "train_total_loss": 6.4959925358981625,
    "train_energy_in_box": 0.012440171726708799,
    "train_pointing_game": 0.04887880868187583,
    "train_saliency_iou": 0.01896941753831215,
    "val_precision": 0.28069,
    "val_recall": 0.3758,
    "val_map50": 0.23981,
    "val_map50_95": 0.09286,
    "val_fitness": 0.09286,
    "epoch_seconds": 113.11507940292358
  },
  "val": {
    "metrics/precision(B)": 0.28069,
    "metrics/recall(B)": 0.3758,
    "metrics/mAP50(B)": 0.23981,
    "metrics/mAP50-95(B)": 0.09286,
    "val/box_loss": 2.0717,
    "val/cls_loss": 2.69987,
    "val/dfl_loss": 1.97658,
    "val/sal_loss": 0.0
  },
  "lr": {
    "lr/pg0": 0.009505,
    "lr/pg1": 0.009505,
    "lr/pg2": 0.009505
  }
}