{
  "epoch": 15,
  "train": {
    "epoch": 15,
    "lr": 0.007689999999999999,
    "lambda_saliency": 0.0028,
    "train_detection_loss": 5.054180000000001,
    "train_saliency_loss": 0.9886905599856324,
    "train_total_loss": 5.05694833356796,
    "train_energy_in_box": 0.011309440105744615,
    "train_pointing_game": 0.04459205312765887,
    "train_saliency_iou": 0.013812025001751643,
    "val_precision": 0.57324,
    "val_recall": 0.5642,
    "val_map50": 0.57222,
    "val_map50_95": 0.27818,
    "val_fitness": 0.27818,
    "epoch_seconds": 114.1539626121521
  },
  "val": {
    "metrics/precision(B)": 0.57324,
    "metrics/recall(B)": 0.5642,
    "metrics/mAP50(B)": 0.57222,
    "metrics/mAP50-95(B)": 0.27818,
    "val/box_loss": 1.77667,
    "val/cls_loss": 1.81724,
    "val/dfl_loss": 1.69674,
    "val/sal_loss": 0.0
  },
  "lr": {
    "lr/pg0": 0.007689999999999999,
    "lr/pg1": 0.007689999999999999,
    "lr/pg2": 0.007689999999999999
  }
}