{
  "epoch": 48,
  "train": {
    "epoch": 48,
    "lr": 0.002245,
    "lambda_saliency": 0.006,
    "train_detection_loss": 3.80356,
    "train_saliency_loss": 0.9869948955967263,
    "train_total_loss": 3.8094819693735804,
    "train_energy_in_box": 0.01300510543268463,
    "train_pointing_game": 0.08261036525798977,
    "train_saliency_iou": 0.021054336579181997,
    "val_precision": 0.75547,
    "val_recall": 0.6873,
    "val_map50": 0.7516,
    "val_map50_95": 0.39425,
    "val_fitness": 0.39425,
    "epoch_seconds": 112.583336353302
  },
  "val": {
    "metrics/precision(B)": 0.75547,
    "metrics/recall(B)": 0.6873,
    "metrics/mAP50(B)": 0.7516,
    "metrics/mAP50-95(B)": 0.39425,
    "val/box_loss": 1.69788,
    "val/cls_loss": 1.23272,
    "val/dfl_loss": 1.58021,
    "val/sal_loss": 0.0
  },
  "lr": {
    "lr/pg0": 0.002245,
    "lr/pg1": 0.002245,
    "lr/pg2": 0.002245
  }
}